desc_len_bin,game_count,median_review_count,median_positive_rate
0-50,832,121.5,82.91255693300758
50-100,2853,113.0,81.95121951219512
100-200,10382,134.0,81.53627622377621
200-400,19288,173.0,80.64227975188437
